{
  "title": "Stardotdll Dice So Nice",
  "description": "Additional Dice presets and themes for Dice So Nice. Requires Dice So Nice module to work.",
  "version": "0.0.1",
  "authors": "stardotdll",
  
  "scripts": [
    "scripts/dice.js"
  ],
  "id": "stardotdll_dice",
  "relationships": {
    "requires": [
      {
        "id": "dice-so-nice",
        "type": "module",
        "manifest": "https://gitlab.com/riccisi/foundryvtt-dice-so-nice/raw/master/module/module.json",
        "compatibility": {}
      }
    ]
  },
  "compatibility": {
    "minimum": "12",
    "verified": "12"
  },
}